{
    "id": "https://www.mayvel.com/weather/schema/baseResponse#",
    "$schema": "http://json-schema.org/draft-04/schema#",
    "title": "Base Response",
    "description": "Base Response schema for Weather Service",
    "type": "object",
    "required": [ "responseCode", "responseTimestamp" ],
    "additionalProperties": false,
    "definitions": {
        "timestamp": "resource:/common/datatype/timestamp.json"
    },
    "properties": {
        "responseCode": {
            "enum": [ "success", "error" ]
        },
        "responseSubCode": {
            "enum": [ "data_returned", "invalid_request_parameter", "target_system_unavailable", "data_not_found", "system_error" ]
        },
        "responseMessage": {
            "type": "string"
        },
        "responseTimestamp": { "$ref": "#/definitions/timestamp" }
    }
}