{
    "id": "https://www.mayvel.com/weather/schema/weatherResponse#",
    "$schema": "http://json-schema.org/draft-04/schema#",
    "title": "Weather Service Response",
    "description": "Response schema for Weather Services",
    "type": "object",
    "additionalProperties": false, 
    "allOf" : [
         { "$ref": "#/definitions/baseResponse" },
         {
          "properties": {
            "location": {
              "id": "https://www.mayvel.com/weather/schema/weatherResponse/location",
              "type": "string",
              "description": "location"
            },
            "wind": {
              "id": "https://www.mayvel.com/weather/schema/weatherResponse/wind",
              "type": "string",
              "description": "wind"
            },
            "visibility": {
              "id": "https://www.mayvel.com/weather/schema/weatherResponse/visibility",
              "type": "string",
              "description": "visibility"
            },
            "skyConditions": {
              "id": "https://www.mayvel.com/weather/schema/weatherResponse/skyConditions",
              "type": "string",
              "description": "skyConditions."     
            },
            "temperature": {
              "id": "https://www.mayvel.com/weather/schema/weatherResponse/temperature",
              "type": "string",
              "description": "temperature. "
            },
            "dewPoint": {
              "id": "https://www.mayvel.com/weather/schema/weatherResponse/dewPoint",
              "type": "string",
              "description": "dewPoint."
            },
            "relativeHumidity": {
              "id": "https://www.mayvel.com/weather/schema/weatherResponse/relativeHumidity",
              "type": "string",
              "description": "relativeHumidity."
            },
            "pressure": {
              "id": "https://www.mayvel.com/weather/schema/weatherResponse/pressure",
              "type": "string",
              "description": "pressure"
            }
          }
         }
    ]
}
