{
    "responseCode": "success",
    "responseSubCode": "data_returned",
    "responseMessage": "weather data returned successfully!",
     "responseTimestamp": "2016-07-20T12:37:04.000-0600",  
    "location": "Tamworth Airport, Australia (YSTW) 31-05S 150-50E",
    "wind": "from the NNW (330 degrees) at 10 MPH (9 KT):0",
    "visibility": "greater than 7 mile(s):0",
    "skyConditions": "mostly cloudy",
    "temperature": "66 F (19 C)",
    "dewPoint": "59 F (15 C)",
    "relativeHumidity": "77%",
    "pressure": "29.80 in. Hg (1009 hPa)"
}
